Title,Date,Image URL,Likes Count
Taylor Swift's Spectacular Tour Sparks Unprecedented Hotel Booking Surge in Buenos Aires,"November 23, 2023",https://rategaincom.wpenginepowered.com/wp-content/uploads/2023/11/swiftie-effect-buenos-aires-scaled.jpg,7
A Complete Guide to Hotel Revenue Management,"November 22, 2023",https://rategaincom.wpenginepowered.com/wp-content/uploads/2023/11/A-Complete-Guide-to-Hotel-Revenue-Management.png,3
The Ultimate Guide to Choosing the Right Hotel Booking Engine,"November 22, 2023",https://rategaincom.wpenginepowered.com/wp-content/uploads/2023/11/The-Ultimate-Guide-to-Choosing-the-Right-Hotel-Booking-Engine.png,3
"Maximize Your Hotel’s Exposure with Google AdSense’s New ""Related Search"" Feature in Auto Ads","October 20, 2023",https://rategaincom.wpenginepowered.com/wp-content/uploads/2023/10/Google-AdSenses-New-Related-Search-Feature-in-Auto-Ads.png,32
Beyond Reach & Frequency: Hotels' New Era with Facebook's 'Reservation' Buying Type,"October 12, 2023",https://rategaincom.wpenginepowered.com/wp-content/uploads/2023/10/Transforming-with-Facebooks-Reservation-BUYING-Strategy.png,17
Managing Overbookings and Cancellations with Hotel Booking Engines,"October 5, 2023",https://rategaincom.wpenginepowered.com/wp-content/uploads/2023/10/Overbookings-Cancellations-Not-a-Problem-with-Modern-Hotel-Booking-Engines.png,12
Global Distribution System (GDS) vs. Channel Manager: Which is Right for Your Hotel,"October 1, 2023",https://rategaincom.wpenginepowered.com/wp-content/uploads/2023/10/Hotel-Distribution-Done-Right-Choosing-between-GDS-and-Channel-Manager.png,11
Jingle All the Way: Europe Christmas Travel Trends,"September 28, 2023",https://rategaincom.wpenginepowered.com/wp-content/uploads/2023/10/Europe-Christmas-Travel-Trends.jpg,8
Why Bing Hotel Ads Should Be in Your Marketing Mix,"September 28, 2023",https://rategaincom.wpenginepowered.com/wp-content/uploads/2023/09/Bing-Hotel-Ads-Your-Hotels-Secret-Revenue-Booster.png,9
Unraveling the Alchemy: Year-End Travel Trends in Singapore,"September 26, 2023",https://rategaincom.wpenginepowered.com/wp-content/uploads/2023/10/Singapores-Secret-Recipe-for-Year-End-Travel-Success.png,8
Year-End U.S. Domestic Travel Insights: A Revenue Manager's Guide to Success,"September 25, 2023",https://rategaincom.wpenginepowered.com/wp-content/uploads/2023/10/Is-U.S.A.-expecting-a-Domestic-Travel-Boom-this-year-end.png,7
Unlocking Top Travel Destinations in Egypt: A Hotelier's Playbook,"September 25, 2023",https://rategaincom.wpenginepowered.com/wp-content/uploads/2023/09/Unlocking-Top-Travel-Destinations-in-Egypt-A-Hoteliers-Playbook.jpg,7
Shaping Success in Egypt's Dynamic Hospitality Landscape: A Roadmap for Hoteliers,"September 22, 2023",https://rategaincom.wpenginepowered.com/wp-content/uploads/2023/09/Shaping-Success-in-Egypts-Dynamic-Hospitality-Landscape.jpg,7
Checking In to a Greener Future: Renewable Energy in Hotels,"September 15, 2023",https://rategaincom.wpenginepowered.com/wp-content/uploads/2023/09/Powering-Hospitality-How-Renewable-Energy-Is-Reshaping-Hotels.png,6
Sustaining Communities: The Role of Travel Sellers in Sustainable Tourism,"September 14, 2023",https://rategaincom.wpenginepowered.com/wp-content/uploads/2023/09/How-Travel-Sellers-Support-Local-Economies.png,6
Flowing Towards Sustainability: Water Conservation in Hotels,"September 11, 2023",https://rategaincom.wpenginepowered.com/wp-content/uploads/2023/09/Drip-by-Drip-How-Hotels-Are-Leading-the-Way-in-Water-Conservation.png,6
Eco-Friendly Practices in Vacation Rentals: A Win-Win for Guests and the Environment,"September 10, 2023",https://rategaincom.wpenginepowered.com/wp-content/uploads/2023/09/Eco-friendly-practices-in-Vacation-Rentals.png,7
Zero-Waste Travel: A Sustainable Path to Explore the World,"September 9, 2023",https://rategaincom.wpenginepowered.com/wp-content/uploads/2023/09/Trash-to-Treasures-Zero-Waste-Travelers-Handbook.png,6
Building a Greener Future: Sustainable Supply Chain Management in Hotels,"September 8, 2023",https://rategaincom.wpenginepowered.com/wp-content/uploads/2023/09/Hotel-Sustainable-Supply-Chain-Strategies.png,5
Airline Sustainability Initiatives: How Airlines are Going Green,"September 7, 2023",https://rategaincom.wpenginepowered.com/wp-content/uploads/2023/09/Airlines-Sustainable-Innovations.png,4
Exploring Eco-Tourism: Where Nature Meets Responsible Travel,"September 6, 2023",https://rategaincom.wpenginepowered.com/wp-content/uploads/2023/09/Embrace-Eco-Tourism-Your-Passport-to-Sustainable-Wanderlust.png,6
Measuring and Reporting Sustainability Impact: Metrics for Hotels and Travel Sellers,"September 6, 2023",https://rategaincom.wpenginepowered.com/wp-content/uploads/2023/09/Measuring-and-Reporting-Sustainability-Impact.png,4
Reducing Carbon Footprint: Sustainable Practices for Tour Operators,"September 5, 2023",https://rategaincom.wpenginepowered.com/wp-content/uploads/2023/09/Sustainable-Practices-for-Tour-Operators.png,6
Preserving Paradise: Biodiversity Conservation in Travel,"September 4, 2023",https://rategaincom.wpenginepowered.com/wp-content/uploads/2023/09/Wings-and-Wonders-Biodiversity-Conservation-in-Tourism.png,5
"How Green is your Hotel? Do Good and Show it to the World – on Google, for Example","September 3, 2023",https://rategaincom.wpenginepowered.com/wp-content/uploads/2023/09/Green-Hotel-Badge-for-Sustainable-Accommodations.png,7
The Digital Evolution of UK Hospitality: A Historic Journey From Keys to Clicks,"September 1, 2023",https://rategaincom.wpenginepowered.com/wp-content/uploads/2023/09/Evolution-of-UK-Hospitality.png,7
Driving Green: The Future of Sustainable Car Rentals,"September 1, 2023",https://rategaincom.wpenginepowered.com/wp-content/uploads/2023/10/Driving-Green-The-Future-of-Sustainable-Car-Rentals.png,6
Taste the Future: Sustainable Food Practices in Hotels and Restaurants,"September 1, 2023",https://rategaincom.wpenginepowered.com/wp-content/uploads/2023/09/Taste-the-Future-Sustainable-Food-Practices-in-Hospitality.png,6
The Heart of Travel: DMOs and Their Impact on Local Economies,"September 1, 2023",https://rategaincom.wpenginepowered.com/wp-content/uploads/2023/10/The-DMO-Effect-Enhancing-Tourisms-Role-in-Local-Economies.png,8
Exploring India's Travel Resurgence: From G20 Summit to Cricket Hype Amidst a High-Demand Festive Season,"August 31, 2023",https://rategaincom.wpenginepowered.com/wp-content/uploads/2023/08/The-World-is-Coming-to-India-this-Winter-Season.png,9
Social Media Meets Google Business Profile: Here's Why You Should Care,"August 21, 2023",https://rategaincom.wpenginepowered.com/wp-content/uploads/2023/08/Your-Hotels-Social-Media-Just-Got-Google-fied-Google-Business-Profile.webp,5
Connect the Dots: Decoding Common Hotel System Connectivity Challenges,"August 18, 2023",https://rategaincom.wpenginepowered.com/wp-content/uploads/2023/08/The-Hidden-Costs-of-Poor-Hotel-System-Connectivity.png,5
GA4's New User Data Export to BigQuery: Your Key to Hyper-Personalized Hotel Marketing,"August 17, 2023",https://rategaincom.wpenginepowered.com/wp-content/uploads/2023/08/Google-Analytics-4-Rolls-Out-New-User-Data-Export-To-BigQuery.webp,5
How AI and Machine Learning are Shaping Hotel Search Engines,"August 16, 2023",https://rategaincom.wpenginepowered.com/wp-content/uploads/2023/08/Role-of-AI-Ml-in-Hotel-Search-Engines.webp,5
Unpacking Global DE&I Pillars: A Strategy for Inclusivity,"August 16, 2023",https://rategaincom.wpenginepowered.com/wp-content/uploads/2023/08/DE-I-RG.webp,5
"The Evolution of Hotel Search Engines: Past, Present, and Future","August 15, 2023",https://rategaincom.wpenginepowered.com/wp-content/uploads/2023/08/evolution-of-hotel-search-engines.webp,5
From Green Revolution to Space Exploration: 75 Innovations Propelling India Beyond 75,"August 14, 2023",https://rategaincom.wpenginepowered.com/wp-content/uploads/2023/08/India-beyond-75.webp,6
Going Green: How Hotel Search Engines are Championing the Cause of Sustainable Travel,"August 10, 2023",https://rategaincom.wpenginepowered.com/wp-content/uploads/2023/08/How-Hotel-Search-Engines-are-Supporting-Sustainable-Travel.webp,3
Get Noticed: The Smart Hotelier's Guide to Google's Filtered Search Carousel,"August 9, 2023",https://rategaincom.wpenginepowered.com/wp-content/uploads/2023/08/Google_s-New-Hotel-Search-Carousel.webp,3
Understanding the Mechanics of Hotel Search Engines,"August 9, 2023",https://rategaincom.wpenginepowered.com/wp-content/uploads/2023/08/Understanding-the-Mechanics-of-Hotel-Search-Engines.webp,4
Hospitality in the Digital Age: Software Breakthroughs and What's Next,"August 8, 2023",https://rategaincom.wpenginepowered.com/wp-content/uploads/2023/08/Hospitality-in-the-Digital-Age-Softwares-for-Hotel-Success.webp,5
Gaining a Competitive Edge at Every Stage of the Traveler Journey,"August 4, 2023",https://rategaincom.wpenginepowered.com/wp-content/uploads/2023/08/The-Heart-of-Hospitality-A-Guide-to-Outshine-Competitors-at-Every-Traveler-Touchpoint.webp,5
Elevate Your Hotel's Performance with Revenue Management Analytics,"August 4, 2023",https://rategaincom.wpenginepowered.com/wp-content/uploads/2023/08/Fine-Tuning-Your-Hotels-Strategy-The-Art-of-Revenue-Management-Analytics.webp,5
How Hotels Can Stay Ahead in the Dynamic Hospitality Industry,"August 4, 2023",https://rategaincom.wpenginepowered.com/wp-content/uploads/2023/08/How-Hotels-Can-Stay-Ahead-in-Dynamic-Hospitality-Industry.webp,6
What is Hospitality Management? Why is it Important?,"August 1, 2023",https://rategaincom.wpenginepowered.com/wp-content/uploads/2023/08/Hospitality-Management-Unraveled-Journey-of-Experiences.png,5
Has 'The Swiftie Fever' Opened New Travel Avenues In the U.S.,"August 1, 2023",https://rategaincom.wpenginepowered.com/wp-content/uploads/2023/08/Has-_The-Swiftie-Fever_-Opened-New-Travel-Avenues-In-the-U.S.webp,5
How to Make Technology Partnerships Successful for Hotels,"July 21, 2023",https://rategaincom.wpenginepowered.com/wp-content/uploads/2023/07/Strategies-to-Succeed-with-Technological-Partnerships-in-Hospitality.webp,7
AI and Machine Learning – Who Will Lead the Change and What Will it Look Like?,"July 20, 2023",https://rategaincom.wpenginepowered.com/wp-content/uploads/2023/07/AI-Machine-Learning-Who-Will-Lead-the-Change.webp,7
Large Hotel Chains Can Move Fast Too: 10 Ideas To Implement Today,"July 18, 2023",https://rategaincom.wpenginepowered.com/wp-content/uploads/2023/07/Strategies-for-Big-Hotel-Chains-to-Stay-Ahead.webp,5
The Basics of Distribution for Hotel Chains,"July 18, 2023",https://rategaincom.wpenginepowered.com/wp-content/uploads/2023/07/Mastering-the-Distribution-Game-for-Big-Hotel-Chains.png,5
Supercharging Hotel Bookings: The Game-Changing Benefits of Metasearch Marketing,"July 18, 2023",https://rategaincom.wpenginepowered.com/wp-content/uploads/2023/07/The-Game-Changing-Benefits-of-Metasearch-Marketing.webp,5
The Tech-Stack Needed by OTAs to Scale Your BI Capabilities,"July 17, 2023",https://rategaincom.wpenginepowered.com/wp-content/uploads/2023/07/Techology-Stack-Needed-by-OTAs.webp,5
The Future of Rate Parity in the Hospitality Industry,"July 17, 2023",https://rategaincom.wpenginepowered.com/wp-content/uploads/2023/07/The-Future-of-rate-parity-in-hospitality.webp,6
How Hotel Pricing is Going to Change in the Age of AI,"July 12, 2023",https://rategaincom.wpenginepowered.com/wp-content/uploads/2023/07/HOW-PRICING-WILL-CHANGE-IN-the-AGE-OF-AI.webp,5
Leveraging Instagram Threads for the Travel and Hospitality Industry,"July 10, 2023",https://rategaincom.wpenginepowered.com/wp-content/uploads/2023/07/Leveraging-Instagram-Threads-for-the-Travel-and-Hospitality-Industry.webp,5
Calling All Hoteliers: Unleash the Power of GA4 for Optimal Performance,"July 7, 2023",https://rategaincom.wpenginepowered.com/wp-content/uploads/2023/07/GA4.webp,7
Green Gold: Sustainable Hotels Shaping Profitable and Responsible Hospitality,"July 3, 2023",https://rategaincom.wpenginepowered.com/wp-content/uploads/2023/07/Sustainable-Hotels.webp,6
Managing Hotel Cancellations: Strategies to Optimize Revenue and Guest Satisfaction,"June 28, 2023",https://rategaincom.wpenginepowered.com/wp-content/uploads/2023/07/Managing-Cancellations-to-Optimize-Revenue-_-Guest-Satisfaction.webp,4
Big Data: The Game Changer in Hospitality Industry,"June 27, 2023",https://rategaincom.wpenginepowered.com/wp-content/uploads/2023/06/Hotel-Big-Data-Analytics.webp,5
Unveiling the Hotel Challenges: Navigating Obstacles in the Dynamic Hospitality Landscape,"June 26, 2023",https://rategaincom.wpenginepowered.com/wp-content/uploads/2023/06/Unveiling-the-Hotel-Challenges-Navigating-Obstacles-in-Dynamic-Hospitality-Landscape.webp,5
Distribution Challenges for Hotels in Latin America,"June 23, 2023",https://rategaincom.wpenginepowered.com/wp-content/uploads/2023/06/Distribution-Challenges-for-Hotels-in-Latin-America.webp,5
Navigating Hotel Distribution Challenges with Technology and Strategy,"June 22, 2023",https://rategaincom.wpenginepowered.com/wp-content/uploads/2023/06/Cracking-Distribution-Code-Navigating-Challenges-with-Technology-and-Strategy.webp,7
What Does Digital Foundation in Hospitality Look Like,"June 20, 2023",https://rategaincom.wpenginepowered.com/wp-content/uploads/2023/06/Digital-foundation-in-hotel-industry.webp,6
Effective Hotel Pricing Strategies To Maximize Revenue During Low Demand Periods,"June 13, 2023",https://rategaincom.wpenginepowered.com/wp-content/uploads/2023/06/Effective-Hotel-Pricing-Strategies-During-Low-Demand-Periods.webp,6
The Power of Allyship: Building Bridges of Support and Inclusion,"June 12, 2023",https://rategaincom.wpenginepowered.com/wp-content/uploads/2023/06/allyship.webp,6
Mastering Success: Hotel Revenue Management Strategies for Optimal Growth,"June 11, 2023",https://rategaincom.wpenginepowered.com/wp-content/uploads/2023/06/Unlocking-Success-Strategies-for-Hotel-Revenue-Management-Hotel.webp,5
Solving the Challenge of Overbooking in Hotels: Strategies for Seamless Guest Experience,"June 10, 2023",https://rategaincom.wpenginepowered.com/wp-content/uploads/2023/06/Solving-the-Challenge-of-Overbooking-in-Hotels.webp,6
Navigating the Highs and Lows: Managing Hotel Demand During Special Events,"June 9, 2023",https://rategaincom.wpenginepowered.com/wp-content/uploads/2023/06/Revenue-Management-Managing-Hotel-Demand-During-Special-Events.webp,6
The Impact of Weather on Hotel Demand: Leveraging Insights for Success,"June 9, 2023",https://rategaincom.wpenginepowered.com/wp-content/uploads/2023/06/Revenue-Management-The-Impact-of-Weather-on-Hotel-Demand.webp,6
Inside Google Marketing Live 2023: AI-Powered Innovations & What They Mean for the Hotel Industry,"June 8, 2023",https://rategaincom.wpenginepowered.com/wp-content/uploads/2023/06/AI-Powered-Innovations-for-the-Hotel-Industry.jpg,6
Hotel Loyalty Programs: Building Customer Loyalty and Maximizing Rewards,"June 8, 2023",https://rategaincom.wpenginepowered.com/wp-content/uploads/2023/06/Unlock-the-Secrets-of-Hotel-Loyalty-Programs.webp,6
The Impact of Seasonality on Hotel Revenue: Understanding the Highs and Lows,"June 8, 2023",https://rategaincom.wpenginepowered.com/wp-content/uploads/2023/06/Revenue-Management-Impact-of-Seasonality-on-Revenue.webp,7
Walking the Tight Rope: High Hotel ADR and Low Distribution Cost,"June 7, 2023",https://rategaincom.wpenginepowered.com/wp-content/uploads/2016/12/Industry-Statistics-ADR.webp,7
The Role of Central Reservation Systems in Efficient Hotel Inventory Distribution,"June 7, 2023",https://rategaincom.wpenginepowered.com/wp-content/uploads/2023/06/Inventory-Management-The-Role-of-CRS-in-Efficient-Hotel-Inventory-Distribution.webp,7
The History of Pride Month: Celebrating Love and Equality,"June 5, 2023",https://rategaincom.wpenginepowered.com/wp-content/uploads/2023/06/pride-month-history.webp,5
A Comprehensive Guide to Cloud Computing for Hotels: Transforming the Hospitality Industry,"June 5, 2023",https://rategaincom.wpenginepowered.com/wp-content/uploads/2023/06/Hotel-Technology-4-A-Comprehensive-Guide-to-Cloud-Computing-for-Hotels.webp,5
Unlock the Power of a Hotel Central Reservation System,"June 1, 2023",https://rategaincom.wpenginepowered.com/wp-content/uploads/2023/06/Distribution-Understanding-Hotel-Central-Reservation-System-Streamlining-Operations-a.webp,6
Data and Analytics Can Help You Distribute Your Hotel Inventory Effectively & Run Hotel Profitably,"May 26, 2023",https://rategaincom.wpenginepowered.com/wp-content/uploads/2017/09/Hotel-Technology-3-Leveraging-Data-and-Analytics-to-Distribute-Your-Hotel-Inventory-Effectively.webp,5
Data-Driven Excellence: Maximizing Performance with Hotel Data Analytics,"May 26, 2023",https://rategaincom.wpenginepowered.com/wp-content/uploads/2023/05/Hotel-Technology-2-Data-Driven-Excellence-Maximizing-Performance-with-Hotel-Data-Analytics.webp,7
Driving Higher Hotel Occupancy Rates: Implementing Effective Strategies,"May 25, 2023",https://rategaincom.wpenginepowered.com/wp-content/uploads/2023/05/Driving-Higher-Hotel-Occupancy-Rates.webp,7
The Complete Guide to Hotel Digital Marketing: Boost Your Online Presence and Drive Bookings,"May 24, 2023",https://rategaincom.wpenginepowered.com/wp-content/uploads/2023/01/Hotel-Digital-Marketing-Boost-Your-Online-Presence-_-Drive-Bookings.webp,7
What is a Global Distribution System (GDS)? How does it Benefit Your Hotel?,"May 23, 2023",https://rategaincom.wpenginepowered.com/wp-content/uploads/2022/12/Distribution-What-is-a-Global-Distribution-System-GDS-How-does-it-Benefit-Your-Hotel.webp,8
Unleashing the Power of Hotel Technology: The Game Changer in Tech-Savvy Hospitality,"May 23, 2023",https://rategaincom.wpenginepowered.com/wp-content/uploads/2023/05/Hotel-Technology-1-The-Power-of-Hotel-Technology.webp,5
Unlocking Profitability: An Introduction to Hotel Revenue Management,"May 23, 2023",https://rategaincom.wpenginepowered.com/wp-content/uploads/2023/05/Revenue-Management-Unlocking-Profitability-with-Hotel-Revenue-Management.webp,4
Why Should All Destinations Have a Destination Marketing Organization (DMO)?,"May 22, 2023",https://rategaincom.wpenginepowered.com/wp-content/uploads/2023/05/Destination-Marketing-2-Why-Should-all-Destinations-have-a-DMO.webp,2
"Destination Marketing Organization: Its Roles, Importance, and Benefits in the Hospitality Industry","May 22, 2023",https://rategaincom.wpenginepowered.com/wp-content/uploads/2023/05/Destination-Marketing-1-What-are-DMOs.webp,2
"Difference Between a Hotel PMS, Channel Manager, OTAs, and Booking Engine","May 22, 2023",https://rategaincom.wpenginepowered.com/wp-content/uploads/2023/04/Distribution-Difference-between-Hotel-PMS-Channel-Manager-OTAs-and-Booking-Engine.webp,5
The Complete Guide to Distribution Channels in the Hotel Industry,"May 21, 2023",https://rategaincom.wpenginepowered.com/wp-content/uploads/2023/03/Hotel-Distribution-Channels-A-Complete-Guide.webp,3
Unlocking New Revenue Streams: A Guide to Effective Channel Management for Hospitality Businesses,"May 21, 2023",https://rategaincom.wpenginepowered.com/wp-content/uploads/2023/03/Effective-Channel-Management-for-Hospitality-Businesses.webp,3
Unveiling the Magic of Metasearch Engines: A Game Changer for Online Businesses,"May 21, 2023",https://rategaincom.wpenginepowered.com/wp-content/uploads/2023/05/Metasearch-Engines-A-Game-Changer-for-Online-Businesses.webp,2
Where does Content Fit in the Evolution of Hotel Distribution?,"May 20, 2023",https://rategaincom.wpenginepowered.com/wp-content/uploads/2023/05/Adapting-Hotel-Distribution-Mastering-Content-Management-for-Success.webp,3
Boost Your Hotel's Online Presence with a Hotel Content Management System,"May 19, 2023",https://rategaincom.wpenginepowered.com/wp-content/uploads/2023/05/Boost-your-Online-Presence-with-a-Hotel-Content-Management-System.webp,2
Streamline Your Hotel Pricing Strategy with Advanced Rate Shopping Software,"May 18, 2023",https://rategaincom.wpenginepowered.com/wp-content/uploads/2023/05/Streamlining-Hotel-Pricing-Strategy-with-Advanced-Rate-Shopping-Software.webp,2
Dynamic Pricing Strategy in Hotels for Hospitality Industry,"May 18, 2023",https://rategaincom.wpenginepowered.com/wp-content/uploads/2016/10/Dynamic-Pricing-Strategy-for-the-Hospitality-Industry.webp,10
Hotel Pricing Strategy: Maximizing Revenue Through Effective Pricing Techniques,"May 18, 2023",https://rategaincom.wpenginepowered.com/wp-content/uploads/2023/05/Pricing-Strategy-1-Hotel-Pricing-Strategy-for-Revenue-Maximization.webp,5
How To Use Google Hotel Ads: A Complete Guide,"May 18, 2023",https://rategaincom.wpenginepowered.com/wp-content/uploads/2023/05/Google-Hotel-Ads-_1-How-to-use-Google-Hotel-Ads-A-Complete-Guide.webp,5
Boost Your Hotel Revenue with Efficient Hotel Inventory Management,"May 16, 2023",https://rategaincom.wpenginepowered.com/wp-content/uploads/2023/05/Inventory-Management-4-Boost-your-Hotel-Revenue-with-Efficient-Hotel-Inventory-Management.webp,6
Cracking the Code: How to Benefit from Hotel Wholesalers,"May 16, 2023",https://rategaincom.wpenginepowered.com/wp-content/uploads/2023/05/Inventory-Management-3-How-can-you-Benefit-from-Hotel-Wholesalers.webp,5
8 Easy Tips for Hotel Revenue Managers to Cope With Rate Parity Issues,"May 15, 2023",https://rategaincom.wpenginepowered.com/wp-content/uploads/2023/05/Rate-Parity-_2-Important-Tips-to-cope-up-with-Rate-Parity-Issues.webp,6
What is Hotel Rate Parity? Why is it Important in the Hotel Industry?,"May 15, 2023",https://rategaincom.wpenginepowered.com/wp-content/uploads/2023/05/Rate-Parity-_1-What-is-Hotel-Rate-Parity-Why-is-it-Important.webp,5
18 Factors to Consider before Investing in Channel Manager for Your Hotel,"May 14, 2023",https://rategaincom.wpenginepowered.com/wp-content/uploads/2016/03/Channel-Management-2-Critical-Factors-to-Consider-before-you-Invest-in-a-Hotel-Channel-Manager.webp,4
Crucial Hotel Sales Strategies to Boost Occupancy and Revenue,"May 14, 2023",https://rategaincom.wpenginepowered.com/wp-content/uploads/2023/05/Hotel-Sales-Strategy-Crucial-Hotel-Sales-Strategies-to-Boost-Occupancy-and-Revenue.webp,4
What is a Hotel Channel Manager? How Do You Choose the Perfect One?,"May 14, 2023",https://rategaincom.wpenginepowered.com/wp-content/uploads/2023/05/Channel-Management-1-What-is-a-channel-manager.webp,5
How Can Content Solve The Expectation Gap for Hotels?,"May 13, 2023",https://rategaincom.wpenginepowered.com/wp-content/uploads/2023/05/Content-Management-5-How-Can-Content-Solve-The-Expectation-Gap-for-Hotels.webp,5
Changing Markets Post-Pandemic: Guest Behaviors Changing Booking Inspiration,"May 11, 2023",https://rategaincom.wpenginepowered.com/wp-content/uploads/2023/05/Changing-Markets-Post-Pandemic-Guest-Behaviors-Changing-Booking-Inspiration.png,4
What is Hotel Occupancy Rate? How to Calculate it?,"May 6, 2023",https://rategaincom.wpenginepowered.com/wp-content/uploads/2023/05/Occupancy-Rate-and-calculation.webp,7
Is RevPAR the Best Metric to Measure Profitability?,"May 5, 2023",https://rategaincom.wpenginepowered.com/wp-content/uploads/2023/05/Is-RevPAR-the-Best-Metric-to-Measure-Profitability-scaled.webp,4
Why Should Hotels Update Content On OTAs Frequently?,"May 5, 2023",https://rategaincom.wpenginepowered.com/wp-content/uploads/2023/05/Content-Management-4-Why-Should-Hotels-Update-Content-on-OTAs-Frequently.webp,5
Why Metasearch is critical for your Direct Bookings Strategy,"May 4, 2023",https://rategaincom.wpenginepowered.com/wp-content/uploads/2023/05/Why-Metasearch-is-critical-for-your-hotels-Direct-Bookings-Strategy-scaled.webp,4
Why Content on OTAs is Critical for Improving Conversion Rates,"May 3, 2023",https://rategaincom.wpenginepowered.com/wp-content/uploads/2023/05/Content-Management-3-Why-Content-on-OTAs-is-Critical-for-Improving-Conversion-Rates-scaled.webp,4
How do Hotels Distribute Inventory to Drive Bookings,"May 3, 2023",https://rategaincom.wpenginepowered.com/wp-content/uploads/2023/05/How-do-Hotels-Distribute-Inventory-to-Drive-Bookings-scaled.webp,4
What is RevPAR ? Why does it Matter?,"May 1, 2023",https://rategaincom.wpenginepowered.com/wp-content/uploads/2023/05/What-is-RevPAR-scaled.webp,4
A Complete Guide to Hotel Marketing Strategy for 2023,"April 30, 2023",https://rategaincom.wpenginepowered.com/wp-content/uploads/2023/01/A-Complete-Guide-to-Hotel-Marketing-Strategy-_1_.webp,3
Latin America’s Hospitality Industry is Ready to Take the AI Leap into the Future,"April 27, 2023",https://rategaincom.wpenginepowered.com/wp-content/uploads/2023/04/Latin-Americas-Hospitality-Industry-is-Ready-to-Take-the-AI-Leap-into-the-Future-1.jpg,4
Sustainability: The Conversation We Need To Have With ChatGPT Today,"April 27, 2023",https://rategaincom.wpenginepowered.com/wp-content/uploads/2023/06/Kamesh-Shukla-on-Sustainable-Travel.webp,4
Here's Why You Should Care About Hotel Content Management & Distribution,"April 22, 2023",https://rategaincom.wpenginepowered.com/wp-content/uploads/2023/04/Content-Management-2-Why-Should-You-Care-About-Hotel-Content-Management-Distribution-scaled.webp,7
Why Ease of Use is the Core of any Booking Engine?,"April 15, 2023",https://rategaincom.wpenginepowered.com/wp-content/uploads/2023/04/Why-Ease-of-Use-is-the-Core-of-any-Booking-Engine.webp,7
Why is Security Critical for a Booking Engine?,"April 14, 2023",https://rategaincom.wpenginepowered.com/wp-content/uploads/2023/05/Why-is-Security-Critical-for-a-Hotel-Booking-Engine-scaled.webp,7
Thank You Booking.com For Showing Us The Future,"April 13, 2023",https://rategaincom.wpenginepowered.com/wp-content/uploads/2023/04/boooking-com-blog-1.jpg,4
How to Evaluate a Booking Engine?,"April 13, 2023",https://rategaincom.wpenginepowered.com/wp-content/uploads/2023/05/How-do-you-Evaluate-a-Hotel-Booking-Engine-scaled.webp,7
All You Need to Know About a Hotel Booking Engine,"April 12, 2023",https://rategaincom.wpenginepowered.com/wp-content/uploads/2023/05/All-You-Need-to-Know-About-a-Hotel-Booking-Engine-scaled.webp,3
Revolutionizing Guest Experiences and Revenue Management with AI,"April 6, 2023",https://rategaincom.wpenginepowered.com/wp-content/uploads/2023/04/MicrosoftTeams-image-8.jpg,9
What is Direct Booking?,"April 5, 2023",https://rategaincom.wpenginepowered.com/wp-content/uploads/2023/04/what-is-a-direct-booking.jpg,9
The Relevance of Content for Hotels,"April 1, 2023",https://rategaincom.wpenginepowered.com/wp-content/uploads/2023/04/Content-Management-1-What-is-the-Relevance-of-Content-for-Hotels-scaled.webp,4
Leading the Way: Top 8 Hospitality Technology Trends to Watch in 2023,"March 21, 2023",https://rategaincom.wpenginepowered.com/wp-content/uploads/2023/03/MicrosoftTeams-image-2-1.jpg,6
A Complete Guide to Hotel Connectivity & Distribution,"March 21, 2023",https://rategaincom.wpenginepowered.com/wp-content/uploads/2023/03/A-Complete-Guide-to-Hotel-Connectivity-_-Distribution.webp,3
Revolutionizing the Hospitality Industry: The Role of Advanced Channel Managers in Driving Hotel Business Growth,"March 16, 2023",https://rategaincom.wpenginepowered.com/wp-content/uploads/2023/03/MicrosoftTeams-image-3-1.jpg,4
What are Hotel Industry Statistics?,"March 6, 2023",https://rategaincom.wpenginepowered.com/wp-content/uploads/2023/05/What-are-the-Key-Hotel-Industry-Statistics-scaled.webp,4
The Data Goldmine: The 3 Step Process to Unlocking the Power of Guest Data,"February 15, 2023",https://rategaincom.wpenginepowered.com/wp-content/uploads/2023/02/MicrosoftTeams-image-1.jpg,4
How To Use Guest Messaging To Improve Revenue,"January 31, 2023",https://rategaincom.wpenginepowered.com/wp-content/uploads/2023/01/How-To-Use-Guest-Messaging-To-Improve-Revenue.jpg,4
Spin Around the Challenges of an Economic Downturn with AI-Enabled Solutions,"January 30, 2023",https://rategaincom.wpenginepowered.com/wp-content/uploads/2023/01/MicrosoftTeams-image.jpg,3
What is a Hotel Property Management System (PMS)?,"January 23, 2023",https://rategaincom.wpenginepowered.com/wp-content/uploads/2019/04/hotel-revenue-management-system-900x450.jpg,4
Unlocking A New Level Of Luxury For Dubai: The Rising Need For Technology,"January 20, 2023",https://rategaincom.wpenginepowered.com/wp-content/uploads/2023/01/creating-a-picture-perfect-guest-experience-in-dubai.jpg,3
Troubleshooting Guest Engagement: Is the Answer in the Palm of your Hands?,"January 6, 2023",https://rategaincom.wpenginepowered.com/wp-content/uploads/2023/01/MicrosoftTeams-image-6.jpg,5
No Shortage of Guest Engagement Despite Labour Shortage in the UK: Why Technology is the Answer,"December 23, 2022",https://rategaincom.wpenginepowered.com/wp-content/uploads/2022/12/uk-banner-1.jpg,4
Journey to better guest satisfaction: Why digitisation is the shortcut you need,"December 16, 2022",https://rategaincom.wpenginepowered.com/wp-content/uploads/2022/12/engage-banner-1.jpg,3
7 Tips for A Booking-friendly Hotel Website,"December 12, 2022",https://rategaincom.wpenginepowered.com/wp-content/uploads/2022/12/7-tips-for-a-booking-friendly-hotel-website-blog-banner.jpg,3
The Problem In Paradise: What The Hotels Of Maldives Need To Know,"December 6, 2022",https://rategaincom.wpenginepowered.com/wp-content/uploads/2022/12/Top-banner-2.jpg,3
The Good Side Of AI: Read Between The Lines To Understand Your Guests’ Feelings,"November 11, 2022",https://rategaincom.wpenginepowered.com/wp-content/uploads/2022/11/sentiment-mapping-1-1.jpg,2
Preparing for the Future of Air Travel Demand,"November 4, 2022",https://rategaincom.wpenginepowered.com/wp-content/uploads/2022/10/Preparing-for-the-Future-of-Air-Travel-Demand.jpg,1
Digital Hospitality: No Longer An Oxymoron,"November 3, 2022",https://rategaincom.wpenginepowered.com/wp-content/uploads/2022/11/Digital-Hosp_Banner-1-scaled.jpg,1
Peak Experience For The Peak Season,"October 27, 2022",https://rategaincom.wpenginepowered.com/wp-content/uploads/2022/10/Peak-Experience-For-Peak-Season.webp,2
Forward-looking Insights on Travel Demand: Top Trending Cities in Asia (Oct – Dec 2022),"October 24, 2022",https://rategaincom.wpenginepowered.com/wp-content/uploads/2022/10/Forward-looking-Insights-on-Travel-Demand-Top-Trending-Cities-in-Asia.webp,2
Guest Dissatisfaction: De-mystified,"October 19, 2022",https://rategaincom.wpenginepowered.com/wp-content/uploads/2022/10/Guest-Dissatisfaction.webp,2
Beyond Just Emojis: Leveraging WhatsApp To Improve Guest Experience,"October 11, 2022",https://rategaincom.wpenginepowered.com/wp-content/uploads/2022/10/beyond-just-blog-img.webp,2
Experiences Above All:  The Long and Short of Guest Experiences,"October 6, 2022",https://rategaincom.wpenginepowered.com/wp-content/uploads/2022/10/guests-experience.webp,1
Humans Of RateGain: Q&A With Mark Haywood,"October 4, 2022",https://rategaincom.wpenginepowered.com/wp-content/uploads/2022/10/Rategain-Partnership.webp,1
India’s Festive Season Travel Outlook,"October 3, 2022",https://rategaincom.wpenginepowered.com/wp-content/uploads/2022/10/ezgif.com-gif-maker-6.webp,2
Productivity For The Front Desk: What Has Changed,"September 27, 2022",https://rategaincom.wpenginepowered.com/wp-content/uploads/2022/09/Productivity-For-The-Front-Desk-What-Has-Changed.webp,3
How Can Scoring Content Help Hotels Drive More Bookings,"September 20, 2022",https://rategaincom.wpenginepowered.com/wp-content/uploads/2022/09/Drive-more-bookings.webp,3
New Data Sources To Help Commercial Teams Make Better Decisions,"September 20, 2022",https://rategaincom.wpenginepowered.com/wp-content/uploads/2022/09/New-Data-Sources-that-can-help-commercial-teams-make-better-decisions-1.webp,3
Hotel Online Bookings Can Be More Profitable,"September 20, 2022",https://rategaincom.wpenginepowered.com/wp-content/uploads/2022/09/Hotel-Online-Bookings-Can-Be-More-Profitable.webp,3
Bridging Silos in Commercial Teams Post Pandemic,"August 25, 2022",https://rategaincom.wpenginepowered.com/wp-content/uploads/2022/08/Post-pandemic.webp,7
Data Transparency: The New Way to Collaborate in Commercial Teams,"August 25, 2022",https://rategaincom.wpenginepowered.com/wp-content/uploads/2022/08/Data-Transparency.webp,7
Are Middle East Hoteliers Ready for the Next Big Shift?,"July 18, 2022",https://rategaincom.wpenginepowered.com/wp-content/uploads/2022/07/Are-Middle-East-Hoteliers-Ready-for-the-Next-Big-Shift.jpg,5
Artificial Intelligence in the Hospitality Industry : The Future,"July 13, 2022",https://rategaincom.wpenginepowered.com/wp-content/uploads/2022/06/Blog-En-2-1.jpg,6
What is Engage-AI? What are the benefits of using Engage-AI?,"July 7, 2022",https://rategaincom.wpenginepowered.com/wp-content/uploads/2022/06/Blog-En-1.jpg,7
Enjoy Greater Conversions by Offering Mobile Rates to your Prospective Customers,"June 30, 2022",https://rategaincom.wpenginepowered.com/wp-content/uploads/2022/06/Enjoy-greater-conversions-by-offering-Mobile-Rates-to-your-prospective-customers.jpg,7
Improving Business by Offering Country Rates to Prospective Customers,"June 21, 2022",https://rategaincom.wpenginepowered.com/wp-content/uploads/2022/06/Improving-Business-by-Offering-Country-Rates-to-Prospective-Customers.jpg,6
The Role of Metasearch in Pandemic Recovery,"May 31, 2022",https://rategaincom.wpenginepowered.com/wp-content/uploads/2022/05/The-Role-of-Metasearch-in-Pandemic-Recovery.jpg,6
Why Forward-looking Demand Intelligence is all the More Important for a Destination and it's DMO Today?,"March 31, 2022",https://rategaincom.wpenginepowered.com/wp-content/uploads/2022/03/Actionable-Accurate-Demand-Intelligence-for-DMOs-and-DMCs-1.jpg,5
How to Become a Genius and Drive-up Hotel Visibility and Occupancy Rates!,"March 10, 2022",https://rategaincom.wpenginepowered.com/wp-content/uploads/2022/03/RateGain-RezGain-Become-a-Genius-and-drive-sales-banner.jpg,5
Airline Traveler Forecast: Can it help in anticipating demand better?,"March 9, 2022",https://rategaincom.wpenginepowered.com/wp-content/uploads/2022/03/Leveling-up-Demand-Forecasting-through-Airline-Traveller-Forecast-3.jpg,6
How can User Experience Help Revenue Managers? Ask AirGain,"January 13, 2022",https://rategaincom.wpenginepowered.com/wp-content/uploads/2022/01/AirGain-new-blog.jpg,3
The Travel Manifesto for 2022,"December 24, 2021",https://rategaincom.wpenginepowered.com/wp-content/uploads/2021/12/RateGain-Blog-Booking-Travel-Manifesto-for-2022.jpg,9
Marketing Technology in a Data-Driven Era,"October 22, 2021",https://rategaincom.wpenginepowered.com/wp-content/uploads/2021/10/Data-Driven-1.jpg,8
Usability and Accessibility – How they are making AirGain smarter for you!,"October 5, 2021",https://rategaincom.wpenginepowered.com/wp-content/uploads/2021/10/Usability-and-Accessibility-How-they-are-making-AirGain-smarter-for-you.jpg,10
Building a Culture of Empowerment,"October 4, 2021",https://rategaincom.wpenginepowered.com/wp-content/uploads/2021/10/Building-a-Culture-of-Empowerment.jpg,8
Is The Future Of Forecasting Clear For Revenue Managers?,"September 29, 2021",https://rategaincom.wpenginepowered.com/wp-content/uploads/2021/09/Is-The.jpg,10
Upcoming Launch: The New Room – Rate Management API will Help Distribution Teams Directly and Quickly Create/Retrieve a Multitude of Room Rate Types from RezGain,"September 28, 2021",https://rategaincom.wpenginepowered.com/wp-content/uploads/2021/09/Directly-Manage-Rooms-and-Rates-from-RateGains-Channel-Manager-UI-to-Booking-com-2.jpg,5
How Revenue Managers Can Be Future Ready For The Next Crisis,"September 23, 2021",https://rategaincom.wpenginepowered.com/wp-content/uploads/2021/09/How-revenue-managers-can-be-future-ready-for-the-next-crisis.jpg,9
How Can New Airlines Thrive the Post- Covid World,"September 3, 2021",https://rategaincom.wpenginepowered.com/wp-content/uploads/2021/09/How-Can-New-Airlines-Thrive-In-A-Post-Covid-World-.jpg,4
Making Your Hotel Channel Manager Adapt to Your Day,"September 1, 2021",https://rategaincom.wpenginepowered.com/wp-content/uploads/2021/09/How-to-Use-a-Channel-Manager-for-your-Hotel-Operations-if-You-have-Only-15-or-30-Minutes-in-the-Day.jpg,4
CarGain Canvas: Analytics that give you 360 degree control over your market,"September 1, 2021",https://rategaincom.wpenginepowered.com/wp-content/uploads/2021/09/CarGain-Canvas.jpg,3
What Signals is the Summer of 2021 Giving Car Rentals?,"July 8, 2021",https://rategaincom.wpenginepowered.com/wp-content/uploads/2021/07/What-signals-is-the-summer-of-2021-giving-car-rentals.jpg,4
WHAT ARE YOUR PRONOUNS?,"June 25, 2021",https://rategaincom.wpenginepowered.com/wp-content/uploads/2021/06/Inter-blog-1.jpg,9
Bringing More Speed and Agility to Airline Pricing for the Post-COVID Revenue Manager,"June 15, 2021",https://rategaincom.wpenginepowered.com/wp-content/uploads/2021/06/Unearthing-the-power-and-simplicity-of-bulk-update-and-report-generation-on-AirGain-2.jpeg,5
The Current State of Airline Pricing post-Covid,"May 3, 2021",https://rategaincom.wpenginepowered.com/wp-content/uploads/2021/05/How-to-Capture-Rate-Integrity-Issues-in-the-Most-Simplified-Way-copy-1024x536-1.jpg,5
How can hoteliers get 2021 right with a solid pricing strategy as volatility in recovery persists,"May 3, 2021",https://rategaincom.wpenginepowered.com/wp-content/uploads/2021/04/How-to-Capture-Rate-Integrity-Issues-in-the-Most-Simplified-Way-copy-1024x536-1.jpg,5
Why We Must Tell a Visual Data Story,"April 30, 2021",https://rategaincom.wpenginepowered.com/wp-content/uploads/2021/04/Why-we-data-story.jpg,5
